uid,up_name,followers,label_binary,avg_comment_scraped,avg_danmaku,avg_length,avg_play,comment_repetition,danmaku_missing_rate,med_danmaku,med_play,std_length,upload_freq,model_prob_high,model_pred_label,confidence,shap_sum,shap_norm,value_score,score_percentile,score_bucket
75,丸子,1609272,1,90.35,139.5,425.65,106434.75,0.3327503072704926,0.0,101.5,95951.5,149.52333429936613,0.9759183120227716,0.7,1,0.7,0.19626774387595589,0.8951965065502181,79.7598253275109,83.58778625954199,Top 20%
63231,泛式,6527652,1,101.0,2311.0,859.2,2729657.3,0.384697560271402,0.0,1800.0,2551415.0,269.009997857642,2.80373831775701,0.68,1,0.68,0.17626774387595573,0.8689956331877725,77.44978165938863,58.396946564885496,Middle 60%
168598,逍遥散人,7466450,1,100.9,2902.6,4643.5,1702112.4,0.378273177636235,0.0,1764.5,1017824.0,7349.21688989629,5.55555555555556,0.6833333333333333,1,0.6833333333333333,0.17960107720928914,0.8733624454148469,77.834788937409,69.8473282442748,Middle 60%
194128,赖美云,495760,1,95.25,97.85,108.2,106008.2,0.477241088377979,0.0,39.5,23603.0,81.9759913504847,1.93548387096774,0.46,0,0.54,-0.04373225612404384,0.5807860262008734,56.03930131004367,32.82442748091603,Middle 60%
249118,shourei小N,2203491,1,100.55,277.5,164.85,351374.25,0.42141692335568,0.0,130.5,250486.5,190.738530040748,1.16959064327485,0.6833333333333333,1,0.6833333333333333,0.179601077209289,0.8733624454148465,77.83478893740899,66.03053435114504,Middle 60%
367877,笔吧评测室,2533198,1,100.9,1033.1,999.05,313190.6,0.370067846215245,0.0,814.0,309094.5,857.987085843187,9.67741935483871,0.7366666666666667,1,0.7366666666666667,0.2329344105426226,0.9432314410480348,83.99490538573508,91.6030534351145,Top 20%
546195,老番茄,19978698,1,100.9,2489.7,1037.9,4004268.05,0.428830089296737,0.0,1800.0,3545996.5,522.40163012561,4.8,0.6833333333333333,1,0.6833333333333333,0.17960107720928914,0.8733624454148469,77.834788937409,69.8473282442748,Middle 60%
718918,熊妹撩电影,178259,0,35.15,51.9,391.45,72942.85,0.387748088323739,0.0,29.5,17712.5,143.316901342885,8.21917808219178,0.5,0,0.5,-0.0037322561240441636,0.6331877729257638,56.65938864628819,35.87786259541985,Middle 60%
946974,影视飓风,14273513,1,95.9,2629.25,3234.8,4176490.4,0.393677841918295,0.05,1800.0,3287626.0,8218.6957769274,12.2448979591837,0.7333333333333333,1,0.7333333333333333,0.2296010772092892,0.9388646288209604,83.60989810771468,89.69465648854961,Top 20%
3404595,卡布叻_周深,3236949,1,95.9,1140.0,305.2,2038142.3,0.454111989567202,0.05,1200.0,1566402.0,86.1972035203976,0.696055684454756,0.67,1,0.67,0.16626774387595605,0.8558951965065501,76.2947598253275,51.908396946564885,Middle 60%
3670216,TF家族,7359462,1,100.8,7638.0,4352.85,1416576.9,0.403164288741348,0.0,9600.0,1384565.5,2183.78185422494,16.2162162162162,0.7233333333333334,1,0.7233333333333334,0.21960107720928937,0.9257641921397378,82.45487627365355,87.02290076335878,Top 20%
3766866,科技美学,4455532,1,100.0,1247.35,739.25,677935.35,0.3404027550546365,0.0,1191.0,437044.0,253.11852460853197,0.2690333296175181,0.68,1,0.68,0.17626774387595573,0.8689956331877725,77.44978165938863,58.396946564885496,Middle 60%
4549624,Liyuu_,630812,1,100.0,103.85,122.2,167489.95,0.5282565383763954,0.0,66.0,87769.5,107.66503610736403,0.05938575948045709,0.6666666666666666,1,0.6666666666666666,0.16293441054262298,0.8515283842794763,75.90975254730714,51.14503816793893,Middle 60%
4976111,龚琳娜,575037,1,72.6,322.85,464.2,456736.25,0.418307412309729,0.05,64.0,27080.5,667.226671813221,3.84615384615385,0.6033333333333334,1,0.6033333333333334,0.09960107720928947,0.7685589519650655,68.59461426491995,41.98473282442748,Middle 60%
6014992,叫我棉被,1890836,1,100.8,218.95,801.6,143713.8,0.374558819949858,0.0,126.5,109217.0,1234.85402504016,42.8571428571429,0.7733333333333333,1,0.7733333333333333,0.26960107720928955,0.9912663755458516,88.22998544395925,99.23664122137404,Top 20%
8482768,ZEALER官方频道,877012,1,69.75,257.65,817.65,56239.8,0.351575205173783,0.0,72.5,29831.5,929.695325022354,5.94059405940594,0.61,1,0.61,0.10626774387595606,0.7772925764192139,69.36462882096069,45.80152671755725,Middle 60%
10399934,白泽talk,4999,0,18.8,4.15,1948.2,3692.75,0.375491900796193,0.65,0.0,2870.5,1534.72944984141,1.57894736842105,0.36333333333333334,0,0.6366666666666667,-0.1403989227907107,0.45414847161572025,54.54075691411935,9.923664122137405,Bottom 20%
11253297,多多poi丶,3027399,1,99.7,302.7,396.75,262242.95,0.397581278467096,0.0,200.0,169996.0,345.034838057962,2.15827338129496,0.6866666666666666,1,0.6866666666666666,0.18293441054262233,0.8777292576419209,78.21979621542938,73.66412213740458,Middle 60%
12807175,法老爷爷,1900407,1,100.5,612.6,516.05,591235.35,0.400928885940045,0.0,123.0,63870.0,797.436648201434,2.62008733624454,0.69,1,0.69,0.1862677438759557,0.882096069868995,78.60480349344975,77.48091603053436,Middle 60%
12890453,程序员鱼皮,707383,1,80.05,92.45,452.55,63845.6,0.363406173245892,0.0,46.0,33253.5,296.398464908305,9.67741935483871,0.6866666666666666,1,0.6866666666666666,0.18293441054262297,0.8777292576419216,78.2197962154294,75.57251908396947,Middle 60%
13164144,魔法Zc目录,3179136,1,101.0,619.5,1787.75,705801.55,0.366744791666667,0.0,247.5,577022.5,1464.96426667396,9.52380952380952,0.7366666666666667,1,0.7366666666666667,0.23293441054262276,0.9432314410480349,83.99490538573508,91.6030534351145,Top 20%
18343098,河野华,3229028,1,101.0,1241.6,447.85,2017937.45,0.425189816882537,0.0,980.0,1488778.5,563.463563011935,1.59574468085106,0.68,1,0.68,0.17626774387595573,0.8689956331877725,77.44978165938863,58.396946564885496,Middle 60%
20713882,单依纯,1254701,1,100.9,1108.0,456.15,1073989.7,0.389755950587526,0.0,1200.0,738515.0,438.927673576842,5.0,0.6866666666666666,1,0.6866666666666666,0.18293441054262247,0.877729257641921,78.21979621542938,73.66412213740458,Middle 60%
21149898,林森小朋友,777281,1,66.7,53.0,232.1,145215.55,0.426752756289212,0.05,23.5,68289.0,143.586357657206,3.40909090909091,0.5966666666666667,1,0.5966666666666667,0.09293441054262247,0.7598253275109167,67.82459970887918,40.458015267175576,Middle 60%
23408614,互联网产品小龙虾,26973,0,8.05,0.15,1887.4,1441.8,0.686648501362398,0.85,0.0,1110.5,1281.676960696,8.95522388059701,0.4266666666666667,0,0.5733333333333333,-0.07706558945737745,0.5371179039301306,55.522561863173195,27.480916030534353,Middle 60%
23920239,小米公司,3161224,1,100.9,229.05,547.0,105298.85,0.389229584414844,0.0,113.0,57175.0,1170.70842250593,3.10880829015544,0.69,1,0.69,0.1862677438759557,0.882096069868995,78.60480349344975,77.48091603053436,Middle 60%
23947287,小约翰可汗,10318067,1,101.0,4500.0,2299.2,4959200.4,0.392696690773614,0.0,3600.0,4997191.5,248.896215953135,3.27868852459016,0.68,1,0.68,0.17626774387595584,0.8689956331877725,77.44978165938863,58.396946564885496,Middle 60%
24919812,学姐潇潇,334405,1,82.2,48.05,393.6,62231.25,0.36989596488063,0.0,30.5,45946.5,174.989744060376,1.91693290734824,0.6066666666666667,1,0.6066666666666667,0.10293441054262259,0.7729257641921394,68.97962154294031,43.12977099236641,Middle 60%
25910292,钟文泽,2410142,1,100.95,1979.85,950.8,755866.65,0.393558298182576,0.0,1800.0,569327.5,286.505185036208,4.22535211267606,0.6833333333333333,1,0.6833333333333333,0.17960107720928914,0.8733624454148469,77.834788937409,69.8473282442748,Middle 60%
27899754,贪玩歌姬小宁子,1760570,1,100.75,1065.45,576.45,1064450.4,0.372002368498964,0.0,808.5,820916.0,188.514546416255,3.94736842105263,0.6833333333333333,1,0.6833333333333333,0.17960107720928906,0.8733624454148466,77.834788937409,69.8473282442748,Middle 60%
31009079,萧然Q,1068125,1,100.95,367.05,1688.4,1652838.5,0.383725042600392,0.0,344.0,1265441.0,1515.64408403612,7.14285714285714,0.72,1,0.72,0.21626774387595601,0.9213973799126637,82.06986899563317,85.87786259541986,Top 20%
33971248,Sophie潘潘,138226,1,75.5,138.05,446.6,69696.9,0.370685519505113,0.0,73.5,40761.0,156.105025375125,3.42857142857143,0.6533333333333333,1,0.6533333333333333,0.1496010772092896,0.8340611353711792,74.36972343522564,49.61832061068702,Middle 60%
37974444,黑马程序员,4492681,0,95.4,71.7,62638.1,201212.2,0.383681172898602,0.0,44.5,131669.5,55660.368187125,2.47933884297521,0.61,1,0.61,0.10626774387595592,0.7772925764192138,69.36462882096069,45.80152671755725,Middle 60%
38598226,医学科普联盟,3041146,1,100.9,1325.35,662.95,2114644.15,0.394184829594576,0.0,1176.5,1712393.0,159.597017186215,1.28205128205128,0.68,1,0.68,0.17626774387595573,0.8689956331877725,77.44978165938863,58.396946564885496,Middle 60%
39627524,食贫道,8630869,1,100.85,6300.0,3818.75,3320832.8,0.381202554524642,0.0,7200.0,2783822.0,3734.69570204081,5.35714285714286,0.6833333333333333,1,0.6833333333333333,0.17960107720928925,0.8733624454148469,77.834788937409,69.8473282442748,Middle 60%
50381841,大头大头大头儿子,333804,1,79.45,81.85,260.85,196125.55,0.392580961727184,0.0,34.5,84288.0,108.531477364622,1.05263157894737,0.62,1,0.62,0.11626774387595587,0.7903930131004363,70.51965065502182,48.091603053435115,Middle 60%
65564239,IT咖啡馆,256747,1,73.4,37.75,270.35,90814.65,0.380231733270277,0.0,31.0,67258.5,76.2463286432793,2.95566502463054,0.61,1,0.61,0.10626774387595606,0.7772925764192139,69.36462882096069,45.80152671755725,Middle 60%
66607740,宋浩老师官方,10023499,0,81.75,441.45,42007.35,3233167.2,0.423990360321841,0.0999999999999999,108.0,296608.5,88579.1308143087,1.47783251231527,0.6833333333333333,1,0.6833333333333333,0.179601077209289,0.8733624454148465,77.83478893740899,66.03053435114504,Middle 60%
88461692,3Blue1Brown,2524737,1,100.0,656.35,1461.15,302641.3,0.350135967367832,0.0,534.0,276878.0,559.61652989017,0.852272727272727,0.6833333333333333,1,0.6833333333333333,0.17960107720928906,0.8733624454148466,77.834788937409,69.8473282442748,Middle 60%
109606796,鹅姐职场,377674,0,4.75,6.15,154.35,3553.95,0.427208627125674,0.0,6.0,2689.5,16.5379149707255,4.31654676258993,0.02,0,0.98,-0.48373225612404386,0.004366812227074119,49.2183406113537,1.9083969465648856,Bottom 20%
146865230,大厂Man,6498,0,9.45,2.85,274.85,1816.4,0.416504042375244,0.2,3.0,894.0,165.588988637212,5.8252427184466,0.36666666666666664,0,0.6333333333333333,-0.13706558945737737,0.4585152838427945,54.59243085880638,15.267175572519085,Bottom 20%
217107039,AI产品经理PMGao,84575,0,21.8,4.15,2763.95,16322.85,0.36126769384943,0.5,0.5,5882.5,3538.04249290182,3.24324324324324,0.36666666666666664,0,0.6333333333333333,-0.13706558945737735,0.4585152838427945,54.59243085880638,15.267175572519085,Bottom 20%
232472043,DJI大疆创新,1396904,1,47.25,53.1,25.05,78257.45,0.402613827993255,0.0,19.5,6572.5,19.9591029225685,75.0,0.12333333333333334,0,0.8766666666666667,-0.38039892279071064,0.13973799126637532,50.820232896652094,5.343511450381679,Bottom 20%
261485584,HOPICO,2436817,1,100.85,2587.2,1544.25,1772827.6,0.387941963656853,0.0,2353.5,878197.5,577.543425116014,3.8961038961039,0.68,1,0.68,0.17626774387595573,0.8689956331877725,77.44978165938863,58.396946564885496,Middle 60%
286187082,大耳朵TV,1079036,1,100.8,518.95,582.95,183089.55,0.386564494166021,0.0,458.0,155092.0,236.248191304689,18.1818181818182,0.7466666666666667,1,0.7466666666666667,0.2429344105426226,0.9563318777292575,85.14992721979621,96.18320610687023,Top 20%
289169707,亨亨的产品变量,1312,0,2.15,0.65,272.35,814.95,0.372067039106145,0.75,0.0,398.0,231.266370686545,2.08333333333333,0.36666666666666664,0,0.6333333333333333,-0.13706558945737735,0.4585152838427945,54.59243085880638,15.267175572519085,Bottom 20%
300634025,滔搏电子竞技俱乐部,955088,1,100.95,361.15,332.35,179777.0,0.384116415554106,0.0,190.0,108248.5,221.055190774659,18.1818181818182,0.76,1,0.76,0.2562677438759561,0.9737991266375545,86.68995633187772,98.47328244274809,Top 20%
345630501,黄龄,2664967,1,100.6,346.2,260.6,284492.95,0.417332312069154,0.0,172.0,67808.0,150.130960375127,3.10880829015544,0.69,1,0.69,0.1862677438759557,0.882096069868995,78.60480349344975,77.48091603053436,Middle 60%
345880241,好奇代码的三木,41410,0,3.55,0.15,469.2,1004.65,0.628588339745487,0.9,0.0,1001.5,98.895266237624,3.2258064516129,0.36333333333333334,0,0.6366666666666667,-0.1403989227907107,0.45414847161572025,54.54075691411935,9.923664122137405,Bottom 20%
347128576,ZeQAQ,1819,0,39.9,4.5,1858.4,6315.85,0.390198147496776,0.5,1.0,3960.5,605.562148577232,6.0,0.36666666666666664,0,0.6333333333333333,-0.13706558945737737,0.4585152838427945,54.59243085880638,15.267175572519085,Bottom 20%
352091301,陶喆的音乐产房,1007695,1,100.55,460.25,427.2,106745.05,0.417120833458794,0.0,467.5,82951.5,302.730486354482,5.08474576271186,0.69,1,0.69,0.1862677438759558,0.8820960698689952,78.60480349344977,80.53435114503816,Top 20%
355804646,宅宅小霸王,174139,1,95.2,108.8,327.0,53394.4,0.394019547756524,0.0,89.5,39881.0,103.921529100213,4.10958904109589,0.69,1,0.69,0.18626774387595596,0.8820960698689955,78.60480349344977,80.53435114503816,Top 20%
383433896,教日语的阿飞老师,1275269,0,17.45,8.6,1934.75,5068.2,0.457906570072446,0.4,2.5,3875.0,1419.87545321115,9.52380952380952,0.4266666666666667,0,0.5733333333333333,-0.07706558945737745,0.5371179039301306,55.522561863173195,27.480916030534353,Middle 60%
386112702,美芳Mia,10697,0,6.6,2.65,2050.2,3980.85,0.413504189255791,0.5,0.5,3663.0,2539.10493139444,0.99009900990099,0.36333333333333334,0,0.6366666666666667,-0.1403989227907107,0.45414847161572025,54.54075691411935,9.923664122137405,Bottom 20%
386917389,AI编程布道者-金角大王,197607,0,7.25,1.2,90.6,6581.75,0.366222760290557,0.65,0.0,1338.0,60.2795243232026,31.5789473684211,0.26666666666666666,0,0.7333333333333334,-0.23706558945737707,0.3275109170305677,53.04221251819505,6.870229007633588,Bottom 20%
388699948,欧阳娜娜Nana,1658029,1,70.0,141.9,392.95,132068.75,0.407174653050537,0.05,36.5,45822.5,293.68735166213,1.875,0.6166666666666667,1,0.6166666666666667,0.11293441054262265,0.7860262008733623,70.13464337700145,47.32824427480916,Middle 60%
400813602,Ayase-YOASOBI,1601566,0,51.15,108.95,199.45,176226.0,0.417940629297096,0.5,3.0,78478.5,116.886123168979,2.69058295964126,0.5633333333333334,1,0.5633333333333334,0.059601077209289255,0.7161572052401745,63.97452692867539,38.16793893129771,Middle 60%
401742377,原神,20205247,1,101.0,1104.35,676.85,1223293.0,0.393930826500801,0.0,916.0,952516.5,514.059187952077,29.2682926829268,0.74,1,0.74,0.23626774387595592,0.9475982532751089,84.37991266375545,93.51145038167938,Top 20%
431073645,你的影月月,9185177,1,99.3,259.25,916.5,363230.35,0.370679255179649,0.0,108.0,209154.0,1207.31600973748,30.0,0.75,1,0.75,0.24626774387595618,0.960698689956332,85.5349344978166,97.32824427480917,Top 20%
435203110,村长托马斯,448852,1,100.95,1223.5,1118.35,368164.55,0.37634011090573,0.0,1196.5,304828.5,384.945693367396,2.0,0.68,1,0.68,0.17626774387595573,0.8689956331877725,77.44978165938863,58.396946564885496,Middle 60%
471303350,大狸子切切里,2665043,1,100.7,1137.55,652.1,560893.2,0.381133646583001,0.0,966.5,467205.5,236.966331163866,6.52173913043478,0.72,1,0.72,0.2162677438759559,0.9213973799126636,82.06986899563317,85.87786259541986,Top 20%
473837611,新华社,19370415,1,97.55,369.5,238.3,135772.1,0.387526719476927,0.0999999999999999,150.5,76355.0,343.795854357908,300.0,0.78,1,0.78,0.2762677438759561,1.0,89.0,100.0,Top 20%
477676711,田一名sir,2073655,1,100.9,227.15,41.15,1186953.75,0.445713110116752,0.0,120.0,505952.0,39.9674538646266,10.7142857142857,0.49666666666666665,0,0.5033333333333334,-0.0070655894573773,0.6288209606986899,56.60771470160116,34.73282442748092,Middle 60%
479659041,懂设计的产品人,27297,0,0.3,0.05,568.45,286.2,0.959183673469388,0.95,0.0,278.5,223.642213085285,28.5714285714286,0.4266666666666667,0,0.5733333333333333,-0.07706558945737745,0.5371179039301306,55.522561863173195,27.480916030534353,Middle 60%
479893558,郎朗,2099758,1,100.35,81.55,151.1,226757.4,0.477391683628962,0.0,56.5,51052.5,122.942391301566,3.65853658536585,0.66,1,0.66,0.1562677438759562,0.8427947598253276,75.13973799126639,50.38167938931297,Middle 60%
482867012,吴悠讲编程,70141,0,31.95,17.3,388.25,21351.15,0.355946927815511,0.0,19.0,19845.5,178.974527737741,2.14285714285714,0.38666666666666666,0,0.6133333333333333,-0.11706558945737731,0.48471615720524,54.90247452692867,22.137404580152673,Middle 60%
489678113,GAI周延,364910,1,100.9,723.6,386.85,608542.8,0.412459336369551,0.0,447.5,164277.5,337.991478403945,4.05405405405405,0.69,1,0.69,0.18626774387595588,0.8820960698689954,78.60480349344977,80.53435114503816,Top 20%
494293576,Bambulab拓竹科技,187084,1,72.3,23.7,66.65,135023.2,0.374071907483238,0.05,7.0,87460.0,116.743206722231,6.89655172413793,0.6066666666666667,1,0.6066666666666667,0.10293441054262273,0.7729257641921397,68.97962154294032,44.274809160305345,Middle 60%
501005668,黄霄雲,873594,1,100.85,439.85,361.2,239368.1,0.45545173631548,0.0,320.0,87578.0,185.582893948542,4.61538461538462,0.7033333333333334,1,0.7033333333333334,0.19960107720928913,0.8995633187772921,80.14483260553126,84.7328244274809,Top 20%
504573481,房磊AI新发现,26553,0,21.5,6.85,1080.7,9483.8,0.362043987883577,0.15,3.0,3280.5,506.830304830657,2.8436018957346,0.36666666666666664,0,0.6333333333333333,-0.13706558945737735,0.4585152838427945,54.59243085880638,15.267175572519085,Bottom 20%
517327498,罗翔说刑法,32325015,1,100.85,1267.55,611.3,1241759.75,0.336758893280632,0.0,1200.0,1219450.5,585.310992460194,3.72670807453416,0.68,1,0.68,0.17626774387595573,0.8689956331877725,77.44978165938863,58.396946564885496,Middle 60%
519872016,历史调研室,6780014,1,101.0,3143.45,2506.65,1995455.9,0.361147196962127,0.0,2947.5,1908580.0,355.320059575648,2.11267605633803,0.68,1,0.68,0.17626774387595573,0.8689956331877725,77.44978165938863,58.396946564885496,Middle 60%
520819684,小Lin说,6686211,1,100.95,3237.55,1395.3,4209689.1,0.383584810929366,0.0,3600.0,3380100.5,417.519882917663,2.4,0.68,1,0.68,0.17626774387595573,0.8689956331877725,77.44978165938863,58.396946564885496,Middle 60%
522976477,Eden说产品,6156,0,2.1,0.05,243.9,573.3,0.653153153153153,0.95,0.0,449.0,199.460298120493,12.5,0.4266666666666667,0,0.5733333333333333,-0.07706558945737745,0.5371179039301306,55.522561863173195,27.480916030534353,Middle 60%
523995133,林粒粒呀,548067,1,52.05,68.4,925.15,283240.95,0.349841166408732,0.2,30.0,45713.5,2610.23060636815,1.92307692307692,0.6066666666666667,1,0.6066666666666667,0.10293441054262262,0.7729257641921395,68.97962154294031,43.12977099236641,Middle 60%
544142239,黄子弘凡-Lars,1076238,1,90.1,336.65,225.9,228751.85,0.451065284265694,0.0999999999999999,256.5,147005.0,176.533551306379,3.57142857142857,0.6866666666666666,1,0.6866666666666666,0.18293441054262233,0.8777292576419209,78.21979621542938,73.66412213740458,Middle 60%
549737999,张真源的松果仓库,158424,0,4.75,2.2,283.8,1530.6,0.50713907985193,0.4,1.5,1246.5,557.684460868991,46.1538461538462,0.44666666666666666,0,0.5533333333333333,-0.057065589457377566,0.563318777292576,55.832605531295464,31.679389312977097,Middle 60%
597100476,Melissa职业规划,229726,0,87.2,254.95,667.25,165767.6,0.367899062206315,0.0,152.0,70539.5,385.147118166005,2.42914979757085,0.69,1,0.69,0.1862677438759557,0.882096069868995,78.60480349344975,77.48091603053436,Middle 60%
598341451,Nian的职场说,1807,0,7.45,1.0,1566.3,1948.15,0.342048710601719,0.75,0.0,738.5,421.66263641371904,3.59281437125749,0.36666666666666664,0,0.6333333333333333,-0.13706558945737735,0.4585152838427945,54.59243085880638,15.267175572519085,Bottom 20%
624243924,i-dle_official,2014382,1,91.5,448.6,399.45,68504.45,0.385302029836146,0.0,236.5,47530.0,365.635204311044,27.2727272727273,0.75,1,0.75,0.24626774387595607,0.9606986899563318,85.5349344978166,97.32824427480917,Top 20%
649831334,沈月本人,1996813,1,100.95,1350.0,434.05,1544022.85,0.423921642493878,0.0,1200.0,1325540.5,181.517137077003,0.950871632329636,0.68,1,0.68,0.17626774387595573,0.8689956331877725,77.44978165938863,58.396946564885496,Middle 60%
663528522,三更草堂,58278,0,78.05,68.5,22321.9,121135.75,0.388553789384048,0.0999999999999999,24.5,31425.0,22113.4699481418,0.337837837837838,0.5466666666666666,1,0.5466666666666666,0.042934410542622564,0.6943231441048032,62.049490538573494,37.404580152671755,Middle 60%
677063300,T1-Faker,1178498,1,100.75,513.05,608.45,329750.45,0.400052657753854,0.0,380.5,271424.5,355.699233534235,1.08303249097473,0.6833333333333333,1,0.6833333333333333,0.179601077209289,0.8733624454148465,77.83478893740899,66.03053435114504,Middle 60%
679237565,张宇考研数学,1261276,0,51.25,36.9,743.45,22848.8,0.381346578366446,0.25,1.5,19012.5,2397.18691441272,20.0,0.44,0,0.56,-0.06373225612404383,0.554585152838428,55.72925764192141,30.53435114503817,Middle 60%
1185017133,ITZY,847461,1,93.5,555.45,654.35,92810.45,0.346562618291937,0.0,443.5,49775.0,658.900301938569,16.2162162162162,0.74,1,0.74,0.23626774387595592,0.9475982532751089,84.37991266375545,93.51145038167938,Top 20%
1242710972,产品经理远远,9595,0,4.0,0.15,1866.9,723.1,0.796852646638054,0.85,0.0,567.0,1198.36519782928,8.95522388059701,0.4266666666666667,0,0.5733333333333333,-0.07706558945737745,0.5371179039301306,55.522561863173195,27.480916030534353,Middle 60%
1283676771,不加醋的氨基酸,382986,1,92.85,216.75,441.5,160068.15,0.375147750961724,0.0,107.5,85115.5,249.759990053609,4.6875,0.7,1,0.7,0.19626774387595583,0.895196506550218,79.7598253275109,83.58778625954199,Top 20%
1340190821,崩坏星穹铁道,11702292,1,101.0,1380.0,784.2,3357034.65,0.380499668361707,0.0,1200.0,2758302.0,443.18828124351296,8.33333333333333,0.7333333333333333,1,0.7333333333333333,0.2296010772092892,0.9388646288209604,83.60989810771468,89.69465648854961,Top 20%
1369801844,普本生的求职指南,386374,0,46.35,6.2,50.55,46665.95,0.395150025143879,0.3,3.0,23347.5,12.0807589514113,2.51046025104603,0.03333333333333333,0,0.9666666666666667,-0.4703989227907105,0.021834061135371105,49.42503639010189,3.0534351145038165,Bottom 20%
1401050701,张韶涵,139903,1,100.388888888889,408.833333333333,438.5,350870.555555556,0.417263513513514,0.0,276.5,303011.5,343.560637682354,2.17741935483871,0.6833333333333333,1,0.6833333333333333,0.179601077209289,0.8733624454148465,77.83478893740899,66.03053435114504,Middle 60%
1440478645,黑猫剪影-,28365,0,1.3,0.75,132.05,34106.95,0.431924882629108,0.8,0.0,14590.0,22.3264652964051,300.0,0.16333333333333333,0,0.8366666666666667,-0.34039892279071066,0.19213973799126613,51.44032023289664,6.106870229007633,Bottom 20%
1459104794,MyGO_AveMujica,919690,1,100.8,497.1,1186.6,168436.0,0.623927392739274,0.0,342.5,53405.5,649.645117696861,6.59340659340659,0.73,1,0.73,0.2262677438759561,0.9344978165938864,83.22489082969432,88.54961832061069,Top 20%
1562955722,李老师讲面试,8097,0,3.35,0.0,577.85,667.3,0.596006144393241,1.0,0.0,383.0,570.480985890992,46.1538461538462,0.44666666666666666,0,0.5533333333333333,-0.057065589457377566,0.563318777292576,55.832605531295464,31.679389312977097,Middle 60%
1643236766,彼姝子SUZIE,23500,0,20.0,3.8,296.8,2579.1,0.357846271901778,0.25,2.5,1943.5,171.553766314943,1.33630289532294,0.36666666666666664,0,0.6333333333333333,-0.13706558945737735,0.4585152838427945,54.59243085880638,15.267175572519085,Bottom 20%
1646036311,凤凰传奇,2869185,1,100.85,1400.1,440.9,1785919.8,0.424910147458937,0.0,1200.0,1226617.5,273.97366373623,1.42857142857143,0.68,1,0.68,0.17626774387595573,0.8689956331877725,77.44978165938863,58.396946564885496,Middle 60%
1656463436,Ado_jp,997975,1,100.65,412.65,234.5,249336.0,0.450906108420559,0.0,251.5,160251.0,58.9116197992248,1.57894736842105,0.5966666666666667,1,0.5966666666666667,0.09293441054262265,0.7598253275109168,67.82459970887918,40.458015267175576,Middle 60%
1684559452,刀叔产品论,12272,0,9.85,1.6,236.9,4822.55,0.386912604303909,0.7,0.0,798.0,118.886898928528,8.57142857142857,0.4266666666666667,0,0.5733333333333333,-0.07706558945737745,0.5371179039301306,55.522561863173195,27.480916030534353,Middle 60%
1750535730,MCHOSE迈从,700157,1,99.85,16.05,37.9,101460.4,0.378623533143038,0.05,5.0,55783.5,32.0409277742012,6.18556701030928,0.2833333333333333,0,0.7166666666666667,-0.22039892279071055,0.3493449781659388,53.30058224163028,7.633587786259542,Bottom 20%
1825475365,Super产品林木,15077,0,5.4,0.55,166.15,3602.7,0.388105726872247,0.65,0.0,3333.5,71.6029071741467,11.1111111111111,0.37333333333333335,0,0.6266666666666667,-0.1303989227907107,0.467248908296943,54.69577874818048,19.083969465648856,Bottom 20%
1889545341,GEM鄧紫棋,2261835,1,101.0,2155.45,806.85,1422373.85,0.420434844393918,0.0,1800.0,644802.5,601.770831970549,0.903614457831325,0.68,1,0.68,0.17626774387595573,0.8689956331877725,77.44978165938863,58.396946564885496,Middle 60%
1976558860,天气微凉淡淡月光,188033,1,98.1,678.0,531.4,435825.4,0.382520746887967,0.0,511.0,370193.5,125.294768236221,7.79220779220779,0.7366666666666667,1,0.7366666666666667,0.2329344105426226,0.9432314410480348,83.99490538573508,91.6030534351145,Top 20%
2128487337,aespa,1778470,1,97.3,601.5,705.9,107227.8,0.493933737750817,0.0,180.0,53157.0,813.014850644452,14.6341463414634,0.7433333333333333,1,0.7433333333333333,0.2396010772092894,0.9519650655021833,84.76491994177583,95.0381679389313,Top 20%
3493092783032940,NewJeans,920617,1,100.3,231.65,637.7,56133.15,0.371262745098039,0.0,223.5,42429.0,300.070710964845,4.7244094488189,0.6933333333333334,1,0.6933333333333334,0.18960107720928912,0.8864628820960694,78.98981077147013,82.44274809160305,Top 20%
3493137471244811,雯ww63,46775,0,69.15,17.55,285.15,23403.25,0.382632791373151,0.0999999999999999,6.0,18901.5,193.480659988211,5.17241379310345,0.37666666666666665,0,0.6233333333333333,-0.1270655894573772,0.4716157205240174,54.74745269286754,20.610687022900763,Middle 60%
3493296569583802,大厂面试题,4921,0,42.7058823529412,43.1764705882353,2040.29411764706,14977.6470588235,0.440905068891417,0.0588235294117647,47.0,4575.0,5172.08013961387,0.565410199556541,0.4766666666666667,0,0.5233333333333333,-0.027065589457377137,0.6026200873362446,56.29767103347889,33.587786259541986,Middle 60%
3546382956759627,钢琴奶奶-尹松,674971,1,89.45,300.35,987.35,85943.0,0.372503626018074,0.05,130.5,55903.0,1158.49431659329,15.0,0.7433333333333333,1,0.7433333333333333,0.2396010772092894,0.9519650655021833,84.76491994177583,95.0381679389313,Top 20%
3546630773016865,时代少年团,3744991,1,100.95,5834.0,4076.2,1472862.9,0.374853113983549,0.0,6680.0,1158136.0,4403.20057757034,9.375,0.7266666666666667,1,0.7266666666666667,0.2229344105426227,0.9301310043668121,82.83988355167394,87.78625954198473,Top 20%
3546644771506784,Python学习课堂,92417,0,63.0,201.6,66066.5,13768.1,0.625428506132399,0.0,153.0,9361.0,30452.0180741683,2.06185567010309,0.5266666666666666,1,0.5266666666666666,0.022934410542622616,0.6681222707423577,59.73944687045122,36.6412213740458,Middle 60%
3546663866075740,AI产品经理亚慧姐,5364,0,1.95,0.15,146.35,1371.75,0.6483790523690773,0.95,0.0,511.0,122.4035436578533,0.7402647474617658,0.36333333333333334,0,0.6366666666666667,-0.1403989227907107,0.45414847161572025,54.54075691411935,9.923664122137405,Bottom 20%
3546719514003582,RED_OFFICIAL_,156840,1,100.7,2005.25,863.15,135385.55,0.393014382154388,0.0,1152.0,79332.0,1385.17926922646,5.8252427184466,0.6866666666666666,1,0.6866666666666666,0.18293441054262244,0.8777292576419209,78.21979621542938,73.66412213740458,Middle 60%
3546752776931554,纪超影视,848,0,1.25,0.55,216.65,1489.2,0.463414634146342,0.95,0.0,306.5,122.412277935972,11.7647058823529,0.4266666666666667,0,0.5733333333333333,-0.07706558945737745,0.5371179039301306,55.522561863173195,27.480916030534353,Middle 60%
3546760219724479,林木聊AI,5059,0,5.3,0.6,176.25,2743.75,0.43855421686747,0.65,0.0,1984.0,37.3347235016863,4.8,0.02,0,0.98,-0.48373225612404386,0.004366812227074119,49.2183406113537,1.9083969465648856,Bottom 20%
3546802080975058,roses_are_rosie,983107,1,100.2,145.75,66.7,110624.5,0.444880931687815,0.0,83.5,98721.0,58.8567395416505,4.47761194029851,0.5966666666666667,1,0.5966666666666667,0.09293441054262268,0.7598253275109168,67.82459970887918,40.458015267175576,Middle 60%
3546831122336532,大熊聊设计,393,0,1.3,0.05,820.8,432.3,0.550279329608939,0.95,0.0,242.0,459.787548193385,7.59493670886076,0.4033333333333333,0,0.5966666666666667,-0.1003989227907108,0.5065502183406109,55.16084425036387,22.900763358778626,Middle 60%
3546837942274544,IVEofficial,148831,1,73.7,295.55,823.15,45933.05,0.392244053774561,0.0,247.5,17901.5,582.463305824134,7.5,0.5833333333333334,1,0.5833333333333334,0.07960107720928947,0.74235807860262,66.28457059679766,38.93129770992366,Middle 60%
3546848985877243,みゆな_迷悠奈_MIYUNA,85055,1,78.95,48.05,223.8,37663.9,0.44209089307733,0.0999999999999999,9.5,16736.5,167.919028105811,5.26315789473684,0.38,0,0.62,-0.12373225612404407,0.4759825327510914,54.79912663755457,21.374045801526716,Middle 60%
3546857095563391,忆非说求职,92,0,0.7,0.0,103.95,402.15,0.84964200477327,1.0,0.0,258.0,14.0917108893659,21.4285714285714,0.07333333333333333,0,0.9266666666666666,-0.43039892279071057,0.07423580786026185,50.04512372634642,4.580152671755725,Bottom 20%
3546911659264635,开源项目盘点,26788,0,5.95,0.25,48.65,4189.15,0.41906096706377,0.75,0.0,3070.5,7.3361039423274,11.3207547169811,0.07,0,0.9299999999999999,-0.433732256124044,0.0698689956331875,49.99344978165937,3.816793893129771,Bottom 20%
3546929849961165,陳奕迅所長,841573,1,93.55,1217.9,1666.45,1244063.85,0.391844758703786,0.0,438.5,279834.0,2138.03989118907,6.31578947368421,0.69,1,0.69,0.1862677438759559,0.8820960698689954,78.60480349344977,80.53435114503816,Top 20%
3546952650197324,亚风聊IT职场,1552,0,4.8,2.05,170.7,2065.7,0.435856573705179,0.8,0.0,786.5,124.002589107096,14.2857142857143,0.42333333333333334,0,0.5766666666666667,-0.08039892279071079,0.5327510917030563,55.470887918486156,24.427480916030532,Middle 60%
3546973877570088,美依礼芽MARiA,373450,1,100.636363636364,165.818181818182,30.0909090909091,523969.545454546,0.434757798630484,0.0,120.0,223578.0,29.1013901573603,8.46153846153846,0.49666666666666665,0,0.5033333333333334,-0.0070655894573773,0.6288209606986899,56.60771470160116,34.73282442748092,Middle 60%
11097284,康哟喂,1484746,1,99.0,2751.25,1373.7,2973633.05,0.3349064149736042,0.0,3600.0,1300254.5,335.79221253626474,0.0809716599190283,0.68,1,0.68,0.17626774387595573,0.8689956331877725,77.44978165938863,58.396946564885496,Middle 60%
18991312,翻书工作室,2490,0,24.214285714285715,13.571428571428571,1762.2142857142858,13136.285714285714,0.4028629856850715,0.0,11.5,8490.5,697.3626007600175,0.0636002271436683,0.36666666666666664,0,0.6333333333333333,-0.13706558945737735,0.4585152838427945,54.59243085880638,15.267175572519085,Bottom 20%
703186600,麻薯波比呀,3043577,1,100.0,3541.65,1224.7,2227220.65,0.3564158451478734,0.0,3600.0,2213952.5,274.47005301125296,0.3089449761488399,0.68,1,0.68,0.17626774387595573,0.8689956331877725,77.44978165938863,58.396946564885496,Middle 60%
274593447,张语铃,20954,0,4.55,0.25,1938.45,1195.55,0.3667820069204152,0.8,0.0,1083.0,908.8014896004518,2.312680259908858,0.36666666666666664,0,0.6333333333333333,-0.13706558945737735,0.4585152838427945,54.59243085880638,15.267175572519085,Bottom 20%
3546939108886611,又一次嗑到了,10004,0,27.7,33.65,150.95,9631.15,0.4345004897159647,0.0,29.5,6948.0,99.3365365814613,2.4849150699745177,0.4066666666666667,0,0.5933333333333333,-0.09706558945737727,0.5109170305676854,55.21251819505093,23.66412213740458,Middle 60%
21794317,咳咳咳咳咳忒,2852,0,35.21052631578947,0.0,1634.4736842105262,12619.736842105263,0.3389367972928719,1.0,0.0,10976.0,823.0783916378582,0.438259732964842,0.37666666666666665,0,0.6233333333333333,-0.12706558945737728,0.4716157205240173,54.747452692867526,19.84732824427481,Bottom 20%
504630061,垫底辣孩,1023487,1,67.85,68.75,94.4,341260.4,0.4061514195583596,0.0,53.0,160170.5,129.04007129570255,0.1710488531560443,0.6433333333333333,1,0.6433333333333333,0.1396010772092896,0.8209606986899566,73.2147016011645,48.854961832061065,Middle 60%
25693325,龅牙肥肥,7,0,1.6666666666666667,1.0,54.666666666666664,684.0,1.0,0.6666666666666666,0.0,90.0,5.792715732327589,0.045972534603111764,0.016666666666666666,0,0.9833333333333333,-0.4870655894573771,0.0,49.166666666666664,0.7633587786259541,Bottom 20%
407054668,亿点点不一样,5607987,1,100.0,1628.65,584.85,4378474.8,0.3243794219930447,0.0,1200.0,3687752.5,281.5193199409234,0.0641539695268644,0.68,1,0.68,0.17626774387595573,0.8689956331877725,77.44978165938863,58.396946564885496,Middle 60%
111,霸道总裁的绝世小受,252,0,28.0,4.25,214.5,5265.5,0.3881748071979434,0.5,0.5,3034.5,181.70649410519152,0.0052817007149659,0.36333333333333334,0,0.6366666666666667,-0.1403989227907107,0.45414847161572025,54.54075691411935,9.923664122137405,Bottom 20%
