uid,up_name,followers,n_videos,avg_play,med_play,std_play,avg_comment_scraped,med_comment_scraped,avg_danmaku,med_danmaku,avg_title_len,avg_desc_len,avg_length,std_length,danmaku_missing_rate,upload_freq,sentiment_mean_comment,sentiment_std_comment,sentiment_mean_danmaku,sentiment_std_danmaku,comment_topic_diversity,danmaku_topic_diversity,content_cohesion,comment_repetition,danmaku_repetition,comment_semantic_cohesion,danmaku_semantic_cohesion,pca_x,pca_y,cluster,label_binary
75,丸子,1608050,20,122840.4,86304.0,117223.98721314400,100.55,101.0,170.95,109.0,48.1,83.2,486.85,277.835292934501,0.0,33.333333333333300,0.5910836464997750,0.2623323789683750,0.5754440202875950,0.3210231298695540,0.1209901062712050,1.2675951858947400,0.6900416016578670,0.3749409231738700,0.3339953810623560,0.5651319026947020,0.600705087184906,-0.18583901337066,-0.0480076900365984,3,1
63231,泛式,6527652,20,2729657.3,2551415.0,1209301.9747942500,101.0,101.0,2311.0,1800.0,28.6,108.2,859.2,269.00999785764200,0.0,2.803738317757010,0.6702309014621460,0.2411830552298230,0.6528282176750060,0.2763381367706870,0.1378506987558840,1.2455167168002700,0.6666193008422850,0.3846975602714020,0.3931721365572690,0.5728760957717900,0.6566051244735720,3.4426653619328300,-0.5732314566854760,2,1
168598,逍遥散人,7466450,20,1702112.4,1017824.0,1963026.2588599000,100.9,101.0,2902.6,1764.5,23.75,51.2,4643.5,7349.216889896290,0.0,5.555555555555560,0.656511578266532,0.2607449657404380,0.643769100690857,0.2982695157129630,0.6341061834871160,1.403252713163260,0.6966891884803770,0.3782731776362350,0.3487990720556770,0.5899624228477480,0.6050423383712770,2.4988595521803900,0.3096611598835600,3,1
194128,赖美云,495760,20,106008.2,23603.0,284134.00492384400,95.25,100.0,97.85,39.5,20.6,66.0,108.2,81.97599135048470,0.0,1.935483870967740,0.7485289358863920,0.216953371633675,0.8139382053764350,0.2201967241271220,0.6642679343869760,1.3057156090695800,0.578818678855896,0.4772410883779790,0.8009910188912980,0.619873046875,0.6533903479576110,-0.4684685442162070,-0.0078023490052284,3,1
249118,shourei小N,2203491,20,351374.25,250486.5,289027.97475274100,100.55,101.0,277.5,130.5,16.3,53.85,164.85,190.73853004074800,0.0,1.1695906432748500,0.6395811685770820,0.2500175080771620,0.6627193101667510,0.2878545427223750,0.6623973783534930,1.2552437039592200,0.6501596570014950,0.4214169233556800,0.4517834460503280,0.5847634673118590,0.587272584438324,0.0080225584822496,-0.0271110624291235,3,1
367877,笔吧评测室,2533198,20,313190.6,309094.5,177678.45537386400,100.9,101.0,1033.1,814.0,27.0,150.95,999.05,857.9870858431870,0.0,9.67741935483871,0.595456249731555,0.2792694905634480,0.5637719372275270,0.3229193334774300,0.0765444581075247,1.0406962493930200,0.6425037384033200,0.3700678462152450,0.3239487312791190,0.5279672145843510,0.5151103734970090,0.5875794808980480,-0.079795284032563,3,1
546195,老番茄,19978698,20,4004268.05,3545996.5,1752477.281705300,100.9,101.0,2489.7,1800.0,12.85,42.35,1037.9,522.40163012561,0.0,4.8,0.6478904598838820,0.2453118370988720,0.6582188042881440,0.2806282953219630,0.6018610735411530,1.2553428464946800,0.6118707656860350,0.4288300892967370,0.36972,0.6075825691223150,0.648988664150238,4.439846835998760,-0.6753719737627940,2,1
718918,熊妹撩电影,178259,20,72942.85,17712.5,119407.52893095700,35.15,25.5,51.9,29.5,23.8,7.85,391.45,143.3169013428850,0.0,8.21917808219178,0.6903293064688130,0.2519726943812410,0.6197818456763160,0.3276106593338020,1.7108914755521500,1.330225003443570,0.7148520350456240,0.3877480883237390,0.3536664503569110,0.5539144277572630,0.5913969874382020,-0.8858684279652750,-0.1302135275364820,3,0
946974,影视飓风,14273513,20,4176490.4,3287626.0,3134566.331594710,95.9,101.0,2629.25,1800.0,20.65,136.2,3234.8,8218.695776927400,0.05,12.244897959183700,0.629741809349575,0.2576374054459930,0.7137233299232880,0.290234314278583,1.5069247864253000,1.0008211398503200,0.5481581091880800,0.3936778419182950,0.3849769013859170,0.512403666973114,0.5988727807998660,4.438440544078400,-0.0145185641187616,2,1
3404595,卡布叻_周深,3236949,20,2038142.3,1566402.0,1473223.7626427900,95.9,101.0,1140.0,1200.0,26.9,45.35,305.2,86.19720352039760,0.05,0.6960556844547560,0.7484487791703980,0.2191595306306800,0.834967271057652,0.2295254098532510,1.0206840650427700,1.2496845834600700,0.7297566533088680,0.4541119895672020,0.51548,0.6118350028991700,0.6645302772521970,1.8291899073848500,-0.3806561035307520,3,1
3670216,TF家族,7359462,20,1416576.9,1384565.5,450012.48885066300,100.8,101.0,7638.0,9600.0,28.3,0.0,4352.85,2183.781854224940,0.0,16.216216216216200,0.776242221229791,0.209682733748383,0.7426268269821130,0.2721601747905940,1.694087254446360,1.4015330004086800,0.8407666087150570,0.4031642887413480,0.58026,0.6256648302078250,0.7063276171684270,6.435253597583940,-1.3249165474676800,2,1
3766866,科技美学,4447239,20,684579.1,352358.0,756738.1768220690,100.85,101.0,1248.4,1200.0,50.5,51.0,851.95,344.5096400759540,0.0,9.375,0.6022625356306810,0.2760423709610160,0.6685858010597700,0.3277253906623790,0.9151700463354860,1.2881164305142200,0.6365009546279910,0.378012048192771,0.3143845477085500,0.5158591270446780,0.5400590896606450,0.9358149783870650,-0.1825901936067900,3,1
4549624,Liyuu_,631604,20,161866.45,81516.0,229368.6230235820,100.2,100.0,103.45,64.0,21.6,15.3,121.65,110.00204543552800,0.0,1.910828025477710,0.6944464343393630,0.2234058915802050,0.6806903772759210,0.293379160342632,1.0557875451620100,0.5629936323405580,0.7138394117355350,0.5322506861848120,0.3476480354178200,0.6202797889709470,0.6385518908500670,-0.4775496660668860,-0.0068935402833409,3,1
4976111,龚琳娜,575037,20,456736.25,27080.5,1492828.4658292400,72.6,96.0,322.85,64.0,27.15,116.5,464.2,667.2266718132210,0.05,3.846153846153850,0.7432163456036680,0.2323708050800260,0.7919290288452010,0.2584131046884980,1.1525103798127500,1.0057521952250800,0.7054293751716610,0.4183074123097290,0.4372274500803310,0.5963473916053770,0.6045434474945070,-0.3696107869339350,-0.0366026759782299,3,1
6014992,叫我棉被,1890836,20,143713.8,109217.0,117269.69959954900,100.8,101.0,218.95,126.5,42.95,50.5,801.6,1234.8540250401600,0.0,42.85714285714290,0.5848268165483160,0.2592682096362830,0.6602058417732070,0.320330445128843,1.0226813794340000,0.5799380761066640,0.7367988228797910,0.3745588199498580,0.3296469754811290,0.5658020973205570,0.5892415046691900,-0.1562073472196070,0.0077608493163031,3,1
8482768,ZEALER官方频道,877012,20,56239.8,29831.5,66192.62452044990,69.75,71.5,257.65,72.5,30.2,78.6,817.65,929.6953250223540,0.0,5.9405940594059400,0.6133192217691830,0.2982298593104970,0.6809522538062190,0.3196535763106810,0.3956933609085180,1.163307524867980,0.5788542628288270,0.3515752051737830,0.3341115434500650,0.4807878136634830,0.5318076014518740,-0.3929766140543730,0.022189105146939,3,1
10399934,白泽talk,4999,20,3692.75,2870.5,2849.5317967214000,18.8,14.0,4.15,0.0,28.6,173.75,1948.2,1534.729449841410,0.65,1.5789473684210500,0.7160219200787710,0.2520706265989040,0.7058031655040130,0.2673719260282260,1.5339485299234600,1.94472533845508,0.5938027501106260,0.3754919007961930,0.7799043062200960,0.4987328648567200,0.6371510028839110,-1.7150999594936900,-0.2122456940150520,0,0
11253297,多多poi丶,3027399,20,262242.95,169996.0,230556.2390847230,99.7,101.0,302.7,200.0,22.55,74.95,396.75,345.03483805796200,0.0,2.158273381294960,0.6661792143062130,0.2312751722882820,0.7064794456710230,0.2993205276487830,0.3205602653214070,0.778958396314642,0.6343455910682680,0.3975812784670960,0.410047607116011,0.6043635010719300,0.6312804818153380,0.0019626871422909,-0.0019501357117772,3,1
12807175,法老爷爷,1900407,20,591235.35,63870.0,1532846.7925987400,100.5,100.5,612.6,123.0,20.5,36.2,516.05,797.4366482014340,0.0,2.6200873362445400,0.6743932879316760,0.2404343731774040,0.7541827245204490,0.276535922786209,1.3421211011941400,1.0500988833288600,0.7305324077606200,0.4009288859400450,0.41926,0.5834073424339290,0.5931318998336790,0.1757677582374330,0.0336820356181289,3,1
12890453,程序员鱼皮,707383,20,63845.6,33253.5,80355.61946707180,80.05,100.0,92.45,46.0,22.8,181.85,452.55,296.39846490830500,0.0,9.67741935483871,0.6390274503962870,0.2707892076344410,0.5616742067158390,0.3285034088074400,0.0453513556963209,1.0415642480325400,0.5416445136070250,0.3634061732458920,0.3349784731702190,0.4926694929599760,0.5487741827964780,-0.3960032632523200,-0.0164644986811763,3,1
13164144,魔法Zc目录,3179136,20,705801.55,577022.5,371871.788668519,101.0,101.0,619.5,247.5,47.4,60.45,1787.75,1464.964266673960,0.0,9.523809523809520,0.6287043366599640,0.2540748987021240,0.5969654507818540,0.2978244044203770,0.0503326019270056,0.5022694093739210,0.8036679029464720,0.3667447916666670,0.3326800783905930,0.5732508897781370,0.6014220118522640,0.5879534043428190,0.0854020196291369,3,1
18343098,河野华,3229028,20,2017937.45,1488778.5,1630862.1414243800,101.0,101.0,1241.6,980.0,16.4,73.9,447.85,563.4635630119350,0.0,1.5957446808510600,0.6725320656009310,0.2368749436140540,0.6942928336149220,0.3029507538994540,0.8123436524579520,1.0831638795320700,0.6336284875869750,0.4251898168825370,0.5845083098338030,0.6174945831298830,0.6427319049835210,1.913691480050020,-0.2832591517643060,3,1
20713882,单依纯,1254701,20,1073989.7,738515.0,1390579.6492537000,100.9,101.0,1108.0,1200.0,20.75,2.65,456.15,438.9276735768420,0.0,5.0,0.7142888499734000,0.2530361444530660,0.7239504918850080,0.256894168794653,1.8288682786777600,1.1803803923687700,0.7112261056900020,0.3897559505875260,0.50928,0.5992285013198850,0.6562459468841550,1.227133558988980,-0.2244598325485130,3,1
21149898,林森小朋友,777281,20,145215.55,68289.0,227169.9958411570,66.7,67.5,53.0,23.5,18.5,1.0,232.1,143.5863576572060,0.05,3.409090909090910,0.7880204826666010,0.2303404702633050,0.7663743078849230,0.2642049794203290,1.83493466007134,1.643219843571720,0.7286010384559630,0.4267527562892120,0.4290041650889810,0.5904697179794310,0.647549033164978,-0.6623483303794010,-0.0833804716263515,3,1
23408614,互联网产品小龙虾,26973,20,1441.8,1110.5,939.3090741827770,8.05,3.5,0.15,0.0,29.45,93.25,1887.4,1281.6769606960000,0.85,8.955223880597010,0.7455649557320970,0.1582275939613950,0.2514167154828710,0.1929050914665770,1.8778746171823200,0.0,0.7218350172042850,0.6866485013623980,1.0,0.6661291718482970,0.628795325756073,-2.703372602143770,-0.3915523961637780,0,0
23920239,小米公司,3161224,20,105298.85,57175.0,131329.22593810800,100.9,101.0,229.05,113.0,19.1,80.7,547.0,1170.7084225059300,0.0,3.1088082901554400,0.5916140314952610,0.26897798674011,0.6312813025550980,0.3320300183630410,1.7488739327725800,0.6072561265492880,0.5934863686561580,0.3892295844148440,0.3552966101694920,0.529530942440033,0.5542181134223940,-0.1405548695115820,0.093807565140803,3,1
23947287,小约翰可汗,10318067,20,4959200.4,4997191.5,986389.1395952260,101.0,101.0,4500.0,3600.0,19.75,92.0,2299.2,248.8962159531350,0.0,3.278688524590160,0.682281040239821,0.230218429694971,0.658236657040235,0.3040005661086600,1.6340129072054000,1.104435147491460,0.5824447870254520,0.3926966907736140,0.3261882385875110,0.5431661605834960,0.5695086717605590,6.885288625134480,-1.1194607481319700,2,1
24919812,学姐潇潇,334405,20,62231.25,45946.5,53238.18190168940,82.2,100.0,48.05,30.5,28.4,38.7,393.6,174.98974406037600,0.0,1.9169329073482400,0.6412783201688720,0.2872654817993200,0.5581117305283420,0.3327254520447890,0.3487738906888700,1.6830791579946900,0.6093875169754030,0.3698959648806300,0.339078911931053,0.4948408901691440,0.5049085021018980,-0.3876201479351470,-0.0001427017836216,3,1
25910292,钟文泽,2410142,20,755866.65,569327.5,546448.0174644900,100.95,101.0,1979.85,1800.0,31.25,0.0,950.8,286.50518503620800,0.0,4.225352112676060,0.6119019122394800,0.2688596429062420,0.5741932716969120,0.3371145052623520,0.0510409570125022,1.3035856623344700,0.62907874584198,0.3935582981825760,0.3298202107873530,0.5028089880943300,0.5267769694328310,1.4871272121831000,-0.318300288737104,3,1
27899754,贪玩歌姬小宁子,1760570,20,1064450.4,820916.0,1070379.198822570,100.75,101.0,1065.45,808.5,25.8,17.0,576.45,188.5145464162550,0.0,3.947368421052630,0.6132672268035300,0.2764737537429060,0.5996073786484800,0.3237817861519600,0.0530402617213786,1.1881699314905500,0.5446764826774600,0.3720023684989640,0.32692,0.5083386898040770,0.5264034271240230,1.1711621116250500,-0.1986127941572050,3,1
31009079,萧然Q,1068125,20,1652838.5,1265441.0,1497194.3754648300,100.95,101.0,367.05,344.0,30.05,213.5,1688.4,1515.644084036120,0.0,7.142857142857140,0.6376034170112410,0.2630869953292430,0.5963391792376760,0.2919549355685180,1.7376213624817300,0.6888714263404960,0.7034022212028500,0.3837250426003920,0.3254353669279240,0.5840057134628300,0.6227712631225590,1.2383954234302000,0.0283298925815138,3,1
33971248,Sophie潘潘,138226,20,69696.9,40761.0,75986.38042570520,75.5,84.0,138.05,73.5,25.8,88.35,446.6,156.10502537512500,0.0,3.4285714285714300,0.7887277527644440,0.2137871797037240,0.7605636828167150,0.2718847138725150,0.9557218101891850,1.255479925288680,0.5280863046646120,0.3706855195051130,0.3403742820085230,0.5118071436882020,0.5444759130477910,-0.4100677554676880,-0.0294393919089336,3,1
37974444,黑马程序员,4492681,20,201212.2,131669.5,172867.92958775800,95.4,100.0,71.7,44.5,64.25,244.9,62638.1,55660.368187125,0.0,2.479338842975210,0.6737324721326340,0.2595316596533260,0.7419174083052630,0.2847810241188090,0.7301577715145070,1.4069818562757500,0.7862600684165960,0.3836811728986020,0.3508463749600770,0.5383336544036870,0.5859541296958920,0.3183826135867650,8.443300235526310,1,0
38598226,医学科普联盟,3041146,20,2114644.15,1712393.0,1563418.057463480,100.9,101.0,1325.35,1176.5,29.9,41.25,662.95,159.5970171862150,0.0,1.2820512820512800,0.6399261090993080,0.2448704780956660,0.6993594522284110,0.304869003852955,0.5650699043520270,1.4024682437980600,0.6250979900360110,0.3941848295945760,0.342766289348426,0.5002923011779790,0.5444594621658330,2.217602896388670,-0.3444232586867190,3,1
39627524,食贫道,8630869,20,3320832.8,2783822.0,2449565.86303044,100.85,101.0,6300.0,7200.0,23.9,13.95,3818.75,3734.695702040810,0.0,5.357142857142860,0.6914527049047130,0.2325292464811550,0.6674317127675560,0.3009926269173250,0.695778791037615,1.2214984158796700,0.5771739482879640,0.3812025545246420,0.3390132197356050,0.5449305772781370,0.5303963422775270,6.831760683179590,-1.0258330999661100,2,1
50381841,大头大头大头儿子,333804,20,196125.55,84288.0,324549.3614883120,79.45,79.5,81.85,34.5,25.8,103.75,260.85,108.53147736462200,0.0,1.0526315789473700,0.7097087534305110,0.2428120970107920,0.701201655027538,0.2917495972552130,0.6928599285843410,1.1857775448023200,0.6094118356704710,0.3925809617271840,0.4019945387629110,0.5488316416740420,0.6073830127716060,-0.3716892414629370,-0.0273913928521549,3,1
65564239,IT咖啡馆,256747,20,90814.65,67258.5,81061.08429760010,73.4,83.0,37.75,31.0,29.85,56.5,270.35,76.24632864327930,0.0,2.955665024630540,0.6443807760009930,0.2536363056667390,0.6880520360630670,0.3226072790724560,0.4588032112715560,1.2730227656410500,0.6050268411636350,0.3802317332702770,0.3795620437956200,0.5417500734329220,0.6060182452201840,-0.4755008369212440,-0.0421583938014343,3,1
66607740,宋浩老师官方,10023499,20,3233167.2,296608.5,12419473.01215710,81.75,100.5,441.45,108.0,22.9,46.9,42007.35,88579.13081430870,0.0999999999999999,1.477832512315270,0.7062993549699080,0.2187683494760430,0.8417126083522290,0.2327265690450270,1.5054178635968900,1.291870376751210,0.6648664474487310,0.4239903603218410,0.4759954493742890,0.582467257976532,0.6427111625671390,1.597147027613900,9.06085777005187,1,0
88461692,3Blue1Brown,2524737,20,302641.3,276878.0,193546.81841627700,100.0,101.0,656.35,534.0,25.6,207.15,1461.15,559.6165298901700,0.0,0.8522727272727270,0.7017088512815540,0.2406568291513720,0.6599346418169600,0.2948969971908410,1.7487988610971200,1.1353821336048000,0.660365879535675,0.3501359673678320,0.3018328636245530,0.5089794397354130,0.5328593254089360,0.4064353874284770,0.0226520151131361,3,1
109606796,鹅姐职场,377674,20,3553.95,2689.5,2252.150141648270,4.75,3.5,6.15,6.0,18.5,67.15,154.35,16.537914970725500,0.0,4.316546762589930,0.7792021722385760,0.2041771010966430,0.7103064113516150,0.2808397591180910,1.803708121387100,1.4611861318007900,0.7045145630836490,0.427208627125674,0.4692307692307690,0.5840989947319030,0.6619710326194760,-1.3048134445632200,-0.2152903586110970,3,0
146865230,大厂Man,6498,20,1816.4,894.0,2628.009160442260,9.45,2.0,2.85,3.0,19.65,1.0,274.85,165.588988637212,0.2000000000000000,5.825242718446600,0.6805585971663870,0.2542408756618040,0.927812587796596,0.0525779227383354,1.6539023641033100,0.8706392834609250,0.6026293039321900,0.4165040423752440,1.0,0.5360831618309020,0.9781670570373540,-1.4500215987429300,-0.2733469741700480,0,0
217107039,AI产品经理PMGao,84575,20,16322.85,5882.5,28325.323853353700,21.8,17.0,4.15,0.5,23.1,63.75,2763.95,3538.042492901820,0.5,3.2432432432432400,0.6908353811147020,0.2674885639604180,0.5254116551165120,0.3382176670910720,1.4309476602199600,1.715409559955920,0.7833276987075810,0.36126769384943,0.464041095890411,0.4901250302791600,0.5286254286766050,-1.4867208001117000,0.0539505846027741,0,0
232472043,DJI大疆创新,1396904,20,78257.45,6572.5,218342.6435180980,47.25,34.0,53.1,19.5,19.4,84.95,25.05,19.959102922568500,0.0,75.0,0.6329265686693210,0.2772879970405810,0.926875129815633,0.1614477100961430,0.3729784390728800,0.5319239953813680,0.5199292898178100,0.4026138279932550,0.7683080808080810,0.5339636206626890,0.924307942390442,-0.9634126467151850,-0.3108020588534860,3,1
261485584,HOPICO,2436817,20,1772827.6,878197.5,3407838.005951440,100.85,101.0,2587.2,2353.5,27.75,69.8,1544.25,577.543425116014,0.0,3.896103896103900,0.7487792028931470,0.2381765002000840,0.7584638978224430,0.2762187773204240,0.8109132359692870,1.172740926957880,0.6872991323471070,0.3879419636568530,0.3471661133554660,0.5721614360809330,0.6143990755081180,2.4617220519804000,-0.3870311726925480,3,1
286187082,大耳朵TV,1079036,20,183089.55,155092.0,114649.0124512640,100.8,101.0,518.95,458.0,58.4,26.6,582.95,236.2481913046890,0.0,18.181818181818200,0.5839508711057810,0.2812435752320130,0.5624863485969810,0.3238615555883420,1.7970858353772800,0.376602184447125,0.7089701890945440,0.3865644941660210,0.3505006295341450,0.4943082630634310,0.521629273891449,0.1109492963579340,-0.0777376578859491,3,1
289169707,亨亨的产品变量,1312,20,814.95,398.0,1844.55624316813,2.15,0.0,0.65,0.0,21.75,141.55,272.35,231.26637068654500,0.75,2.083333333333330,0.6797140977063850,0.2964200936048510,0.6938468584647550,0.300323195230289,1.3863922386558700,1.73798344858705,0.5687389373779300,0.3720670391061450,0.5391304347826090,0.4929069578647610,0.5137636065483090,-1.982867040674290,-0.5096914070878990,0,0
300634025,滔搏电子竞技俱乐部,955088,20,179777.0,108248.5,191864.253423036,100.95,101.0,361.15,190.0,21.6,32.7,332.35,221.0551907746590,0.0,18.181818181818200,0.6366121117671410,0.2593622648211930,0.6648182973247470,0.2896636096734970,1.8052693791856000,0.5501314228217230,0.6524578928947450,0.3841164155541060,0.3477494608445610,0.5903424024581910,0.6156527996063230,-0.0427495482232146,-0.0511091927515905,3,1
345630501,黄龄,2664967,20,284492.95,67808.0,609237.6791634530,100.6,101.0,346.2,172.0,16.9,14.8,260.6,150.13096037512700,0.0,3.1088082901554400,0.7066071714805980,0.232384364947055,0.6652355659023390,0.3246874463063860,0.2830597446762240,0.8438173160594610,0.6388596892356870,0.4173323120691540,0.3878055996342220,0.5859164595603940,0.6326339244842530,-0.0696529850477155,-0.0159219763848851,3,1
345880241,好奇代码的三木,41410,20,1004.65,1001.5,195.51289498461000,3.55,3.0,0.15,0.0,73.85,112.0,469.2,98.895266237624,0.9,3.2258064516129000,0.7354158543994730,0.1885981359361840,0.7793183624744420,0.3020665324914640,1.7746439911114300,0.0,0.8626037836074830,0.6285883397454870,1.0,0.5961673855781560,0.8505355715751650,-2.671583048180760,-0.5903828086509290,0,0
347128576,ZeQAQ,1819,10,6315.85,3960.5,5331.976381625350,39.9,26.0,4.5,1.0,34.6,51.1,1858.4,605.562148577232,0.5,6.0,0.7095269025781920,0.2566385657243690,0.6531517712606320,0.2701714215748620,1.7579706818962500,1.6075684817583900,0.7537571787834170,0.3901981474967760,0.4595375722543350,0.5569165349006650,0.5511677861213680,-1.4085763103867200,-0.1800956877260080,0,0
352091301,陶喆的音乐产房,1007695,20,106745.05,82951.5,66679.48579465410,100.55,101.0,460.25,467.5,39.0,136.6,427.2,302.73048635448200,0.0,5.084745762711860,0.6840207749627590,0.2311159669415500,0.7165567365206380,0.255321025434759,0.3240204910709960,0.9671086491089530,0.7649737596511840,0.4171208334587940,0.4453845664482470,0.5878603458404540,0.6441895961761480,-0.0128211497867798,-0.0410395522123903,3,1
355804646,宅宅小霸王,174139,20,53394.4,39881.0,37364.0187098145,95.2,100.0,108.8,89.5,29.65,2.55,327.0,103.92152910021300,0.0,4.10958904109589,0.6774676080035950,0.2513103054189740,0.653422253941886,0.318583573337392,1.2691442327973700,0.0805287386946963,0.5969983339309690,0.394019547756524,0.3118349443587040,0.5224368572235110,0.5350937843322750,-0.2915412767683510,0.0028446736215247,3,1
383433896,教日语的阿飞老师,1275269,20,5068.2,3875.0,5031.699258856690,17.45,12.5,8.6,2.5,18.5,171.4,1934.75,1419.875453211150,0.4,9.523809523809520,0.694623513387404,0.2258738634803220,0.716097787325812,0.2241792593408880,1.5462801435281800,1.7867708786764500,0.8727031946182250,0.4579065700724460,0.451048951048951,0.6103830933570860,0.5183026790618900,-1.660752126557430,-0.1451340107817600,0,0
386112702,美芳Mia,10697,20,3980.85,3663.0,3704.188856089680,6.6,4.0,2.65,0.5,19.35,36.9,2050.2,2539.104931394440,0.5,0.99009900990099,0.7045690501955420,0.2602352685301260,0.7613225000084570,0.2782529376862590,1.6145295404059900,1.289932242806190,0.7137547135353090,0.413504189255791,0.4329004329004330,0.4979313313961030,0.5922383069992070,-1.7483033212080100,-0.1023226142351340,0,0
386917389,AI编程布道者-金角大王,197607,20,6581.75,1338.0,20063.34382026090,7.25,2.0,1.2,0.0,13.4,0.0,90.6,60.27952432320260,0.65,31.57894736842110,0.6466793360124370,0.2589444331415870,0.5451962137594820,0.3056029255087510,1.8505782283880000,1.8124322224367100,0.5508487224578860,0.3662227602905570,0.532051282051282,0.5380484461784360,0.6127309799194340,-1.8851064831249200,-0.5563878415420430,0,0
388699948,欧阳娜娜Nana,1658029,20,132068.75,45822.5,260637.7552566970,70.0,75.0,141.9,36.5,24.0,9.3,392.95,293.6873516621300,0.05,1.875,0.7876601010168500,0.2282312717224600,0.73402466703373,0.299707100345347,0.9945821757432910,0.7938174288738160,0.7200509905815130,0.4071746530505370,0.3896358013002590,0.6182613372802730,0.6208845376968380,-0.5669897931164930,-0.0545676679025536,3,1
400813602,Ayase-YOASOBI,1601566,20,176226.0,78478.5,226537.8071625130,51.15,59.0,108.95,3.0,51.7,112.75,199.45,116.8861231689790,0.5,2.6905829596412600,0.6770979420992960,0.2359322721356150,0.756408952576625,0.273157178099217,0.5436827166830530,0.8333238453740170,0.7514563202857970,0.4179406292970960,0.3455980224377260,0.5762248039245610,0.5944694876670840,-1.2181087474420100,-0.3207471517277580,0,0
401742377,原神,20205247,20,1223293.0,952516.5,916546.7071678090,101.0,101.0,1104.35,916.0,20.1,189.3,676.85,514.0591879520770,0.0,29.268292682926800,0.6918147400731570,0.2392864668790840,0.760486062314812,0.2710607782496750,1.0719552019629600,1.263215426247900,0.7859519124031070,0.3939308265008010,0.4624565191315820,0.5880548357963560,0.6146003603935240,1.2495597634336300,-0.2644376090488040,3,1
431073645,你的影月月,9185177,20,363230.35,209154.0,435554.1293648420,99.3,101.0,259.25,108.0,45.1,110.55,916.5,1207.316009737480,0.0,30.0,0.6279089947152330,0.2634594354391550,0.6381827732027220,0.3151025584199630,1.0051903089536000,1.2441290380462700,0.7278661727905270,0.3706792551796490,0.3293878569645980,0.5715673565864560,0.5928981304168700,0.0183121610077749,0.0332780845538525,3,1
435203110,村长托马斯,448852,20,368164.55,304828.5,241060.89392548800,100.95,101.0,1223.5,1196.5,27.05,73.7,1118.35,384.945693367396,0.0,2.0,0.6576045403624190,0.238062773035265,0.6516466610080940,0.2960429173715410,0.0646106029957494,0.5310884038356870,0.7056822776794430,0.3763401109057300,0.3143382720492670,0.5365816354751590,0.5334521532058720,0.7912224424033780,-0.1359917791301380,3,1
471303350,大狸子切切里,2665043,20,560893.2,467205.5,392838.82394311600,100.7,101.0,1137.55,966.5,29.0,108.35,652.1,236.96633116386600,0.0,6.521739130434780,0.6016743063127630,0.28032626001264,0.6511136878621880,0.328439523358607,0.1490273452212040,1.421578845288370,0.5700753927230840,0.3811336465830010,0.36884,0.5239740014076230,0.5444310307502750,0.8298377281404470,-0.1816875142257750,3,1
473837611,新华社,19370415,20,135772.1,76355.0,174413.12252233100,97.55,100.5,369.5,150.5,20.85,89.05,238.3,343.79585435790800,0.0999999999999999,300.0,0.7071043584574070,0.2433021941539470,0.8086522941785100,0.2559494217637860,0.9271877117117350,0.813493928651607,0.5770476460456850,0.3875267194769270,0.4477643870783710,0.5215307474136350,0.6362925171852110,-0.8632556734122750,-0.833450503804564,3,1
477676711,田一名sir,2073655,20,1186953.75,505952.0,1938534.965062990,100.9,101.0,227.15,120.0,19.2,3.45,41.15,39.96745386462660,0.0,10.714285714285700,0.5802677852859420,0.2651272430613140,0.5004779150088970,0.3078150200411530,0.6278986583063520,1.090843359816950,0.5664762258529660,0.4457131101167520,0.5309554519297550,0.5954439043998720,0.6333773136138920,0.395702387685871,-0.0875233240891205,3,1
479659041,懂设计的产品人,27297,20,286.2,278.5,80.96366956526670,0.3,0.0,0.05,0.0,12.6,219.05,568.45,223.64221308528500,0.95,28.57142857142860,0.7767631312211360,0.1344765779427130,0.2176889777183530,,0.0,0.0,0.6570267081260680,0.9591836734693880,1.0,0.6555206179618840,1.0,-3.5127045485793100,-0.6984405294548430,0,0
479893558,郎朗,2099758,20,226757.4,51052.5,415760.7717560670,100.35,100.0,81.55,56.5,13.2,15.35,151.1,122.942391301566,0.0,3.658536585365850,0.7035842517805700,0.2185866515367710,0.6850089565325460,0.3011408919639930,1.5183374130877100,0.5998846584209940,0.6368141174316410,0.4773916836289620,0.3721618953603160,0.5965288281440740,0.6178651452064510,-0.3609797314041690,0.004120728259517,3,1
482867012,吴悠讲编程,70141,20,21351.15,19845.5,15095.503406033800,31.95,17.5,17.3,19.0,31.4,105.75,388.25,178.97452773774100,0.0,2.142857142857140,0.6499261658927290,0.2776064202534150,0.6788445334353970,0.3003413059630920,0.5455583346051540,1.1472531061436700,0.5436740517616270,0.3559469278155110,0.4186991869918700,0.4874232113361360,0.5246586203575130,-0.870114656764257,-0.1137665543585830,3,0
489678113,GAI周延,364910,20,608542.8,164277.5,1244368.8357727300,100.9,101.0,723.6,447.5,22.4,17.45,386.85,337.99147840394500,0.0,4.054054054054050,0.6727979699993360,0.2388058379617980,0.7238617954546470,0.2638888082258220,0.0680709469459127,1.119479600634420,0.8500822186470030,0.412459336369551,0.4125117497650050,0.5982574820518490,0.6609379649162290,0.3411801338713470,-0.0641679427093684,3,1
494293576,Bambulab拓竹科技,187084,20,135023.2,87460.0,182655.0289150500,72.3,83.5,23.7,7.0,14.05,115.0,66.65,116.74320672223100,0.05,6.896551724137930,0.5906687523599040,0.2793378798345710,0.5614481154664220,0.3186800792464290,1.3492606727196000,1.609037047089120,0.5571028590202330,0.3740719074832380,0.3820634341961360,0.5131741166114810,0.5352921485900880,-0.5168684737513440,-0.0869066431665789,3,1
501005668,黄霄雲,873594,20,239368.1,87578.0,412232.392578813,100.85,101.0,439.85,320.0,35.35,28.2,361.2,185.582893948542,0.0,4.615384615384620,0.6829433172034360,0.2289402488332680,0.7345302213979380,0.2858915572165340,1.269243668421380,1.4405300453005900,0.6950353980064390,0.4554517363154800,0.3704707223189900,0.6005033254623410,0.6084498763084410,-0.08379061882839,-0.0383830078574402,3,1
504573481,房磊AI新发现,26553,20,9483.8,3280.5,13848.080796535300,21.5,11.0,6.85,3.0,14.8,94.15,1080.7,506.8303048306570,0.15,2.8436018957346000,0.6905937160646850,0.2601480937688120,0.611964301620848,0.320520008340166,1.834303261400730,1.7129723179408100,0.646095871925354,0.362043987883577,0.3820638820638820,0.5310653448104860,0.5321260690689090,-1.1536025069716200,-0.1275998039051040,3,0
517327498,罗翔说刑法,32325015,20,1241759.75,1219450.5,374190.20236208300,100.85,101.0,1267.55,1200.0,25.5,99.8,611.3,585.3109924601940,0.0,3.7267080745341600,0.6667061300643980,0.2680629089641220,0.9615980157572670,0.0563650898285359,1.085656114909520,0.2481263666377710,0.5967830419540410,0.3367588932806320,0.953381864725411,0.4955204427242280,0.9728226661682130,1.709014489644220,-0.2679675484363210,3,1
519872016,历史调研室,6780014,20,1995455.9,1908580.0,1322654.6469971900,101.0,101.0,3143.45,2947.5,30.8,13.6,2506.65,355.3200595756480,0.0,2.1126760563380300,0.746025290066321,0.2165181539842210,0.736227029614394,0.2820834344702620,0.0594198424352021,1.1540571396596000,0.7070099115371700,0.3611471969621270,0.31194,0.5227265357971190,0.5210708975791930,3.5030377648883100,-0.5568158994216480,2,1
520819684,小Lin说,6686211,20,4209689.1,3380100.5,2277655.4276299100,100.95,101.0,3237.55,3600.0,17.55,84.55,1395.3,417.5198829176630,0.0,2.4,0.6487974301930800,0.2499713398804770,0.6424922160345880,0.3066765473456230,1.176088759568930,1.573827543960030,0.5759526491165160,0.3835848109293660,0.3232270709171630,0.5055620670318600,0.5034474730491640,5.341905389623110,-0.8608916656634690,2,1
522976477,Eden说产品,6156,20,573.3,449.0,675.4621887426810,2.1,0.0,0.05,0.0,12.6,50.45,243.9,199.4602981204930,0.95,12.5,0.7428166781153000,0.2288532020860580,0.2000145465135570,,1.597604966200850,0.0,0.5647984743118290,0.6531531531531530,1.0,0.7457458972930910,1.0,-2.810477011135130,-0.6516606571879990,0,0
523995133,林粒粒呀,548067,20,283240.95,45713.5,855932.9952859060,52.05,47.5,68.4,30.0,27.85,36.3,925.15,2610.2306063681500,0.2000000000000000,1.923076923076920,0.659570943950662,0.2762017484926390,0.6192526886306370,0.312189323890395,1.9968859877553300,1.000448163073320,0.6441148519515990,0.3498411664087320,0.3542648444863340,0.4982695579528810,0.5514824390411380,-0.7172237771060740,0.0500169645681126,3,1
544142239,黄子弘凡-Lars,1076238,20,228751.85,147005.0,346960.12563182200,90.1,100.0,336.65,256.5,22.8,43.9,225.9,176.53355130637900,0.0999999999999999,3.571428571428570,0.8167991923782290,0.2081113886506710,0.8119820917119820,0.2414136403219290,1.0841674854908000,1.5232120292269800,0.7369468212127690,0.4510652842656940,0.6508243789968240,0.6455066800117490,0.6799296736717220,-0.30540970257389,-0.1067581927216860,3,1
549737999,张真源的松果仓库,158424,20,1530.6,1246.5,978.1151799574310,4.75,4.5,2.2,1.5,26.3,27.35,283.8,557.6844608689910,0.4,46.15384615384620,0.834786264088593,0.2113892729367000,0.8705437852239070,0.218595530858961,1.8145740821884100,1.6064656356884200,0.7209326028823850,0.5071390798519300,0.582089552238806,0.6572301983833310,0.7303704619407650,-1.9817655612987200,-0.4567069009270440,0,0
597100476,Melissa职业规划,229726,20,165767.6,70539.5,257798.53021229800,87.2,101.0,254.95,152.0,22.7,30.4,667.25,385.14711816600500,0.0,2.42914979757085,0.6677336548369620,0.2440430259563210,0.6061014840909040,0.3159740802525770,1.7275664373060700,0.955059403088258,0.5919435620307920,0.3678990622063150,0.3278629856850720,0.5060241222381590,0.5146399140357970,-0.1716468825186000,0.0127967322701975,3,0
598341451,Nian的职场说,1807,20,1948.15,738.5,2621.170796559590,7.45,3.5,1.0,0.0,21.55,240.9,1566.3,421.66263641371900,0.75,3.592814371257490,0.8355234287454180,0.2072966523550180,0.6669513128697870,0.2739719598311820,1.696161590989800,1.773674807164120,0.5968295335769650,0.3420487106017190,0.4451219512195120,0.5833654403686520,0.5654391050338750,-1.8666851615746400,-0.3890583520710070,0,0
624243924,i-dle_official,2014382,20,68504.45,47530.0,76346.26278757160,91.5,100.0,448.6,236.5,46.05,0.0,399.45,365.6352043110440,0.0,27.27272727272730,0.7205846124343940,0.2562969480059740,0.808983738371389,0.2334993698117230,0.5180609327448780,1.138537222804640,0.7349750995635990,0.3853020298361460,0.5278430477928600,0.5717087388038640,0.6673179268836980,-0.1854171361723500,-0.0894694160929596,3,1
649831334,沈月本人,1996813,20,1544022.85,1325540.5,781302.8499038790,100.95,101.0,1350.0,1200.0,20.2,23.05,434.05,181.51713707700300,0.0,0.9508716323296360,0.7774921804565040,0.2068987444885040,0.8132745713266300,0.2331028164631780,1.903955184666190,1.3905181345807200,0.6104428172111510,0.4239216424938780,0.5217286962782230,0.6256819367408750,0.631698489189148,1.7375028419943200,-0.3256441403507070,3,1
663528522,三更草堂,58278,20,121135.75,31425.0,234724.464746238,78.05,100.0,68.5,24.5,42.5,81.1,22321.9,22113.46994814180,0.0999999999999999,0.3378378378378380,0.7295648762854840,0.242985403875162,0.7146882107848450,0.2833095521693170,1.138125794677040,1.4395986912748000,0.6406139135360720,0.3885537893840480,0.3708681936634210,0.5352444052696230,0.5890987515449520,-0.3543775128822090,3.0826602939144400,3,0
677063300,T1-Faker,1178498,20,329750.45,271424.5,195793.6975230160,100.75,101.0,513.05,380.5,19.15,18.25,608.45,355.6992335342350,0.0,1.083032490974730,0.6415839429951690,0.2398860451048510,0.6874215631373540,0.3007957605097720,1.8754840658454900,0.8387215688234340,0.7334567904472350,0.4000526577538540,0.3332866685332590,0.5679183602333070,0.6012169718742370,0.2157331108106040,-0.0288637411834372,3,1
679237565,张宇考研数学,1261276,20,22848.8,19012.5,22652.55636927450,51.25,45.5,36.9,1.5,19.05,4.9,743.45,2397.1869144127200,0.25,20.0,0.6533852339754020,0.2508375313181570,0.7335746793409550,0.2893523624239500,0.1298475460900120,1.6206869668172700,0.7748135328292850,0.3813465783664460,0.4342497515733690,0.5595588088035580,0.6249862313270570,-1.028173807778400,-0.0462003591698392,3,0
1185017133,ITZY,847461,20,92810.45,49775.0,135605.8438926560,93.5,100.0,555.45,443.5,48.5,0.05,654.35,658.9003019385690,0.0,16.216216216216200,0.6686496364231650,0.2746159101165270,0.7455992004564590,0.267638069351107,1.248016910802960,1.314740254457860,0.7331832647323610,0.3465626182919370,0.4393624255029800,0.5979925990104680,0.647551417350769,0.0529072570377034,-0.0427389514685055,3,1
1242710972,产品经理远远,9595,20,723.1,567.0,379.0146365733680,4.0,2.5,0.15,0.0,32.8,99.6,1866.9,1198.3651978292800,0.85,8.955223880597010,0.6983583694323900,0.1763074261488160,0.5456334799528120,0.3980115260490880,1.781073191918670,0.0,0.7253510355949400,0.7968526466380540,1.0,0.671076774597168,0.6264092326164250,-2.9762797830288800,-0.4178771168093500,0,0
1283676771,不加醋的氨基酸,382986,20,160068.15,85115.5,185312.651484848,92.85,100.5,216.75,107.5,26.6,6.75,441.5,249.7599900536090,0.0,4.6875,0.6181117908499520,0.2581056095239060,0.7187763465273020,0.3129370041237700,0.0429160067633273,1.2434286812635000,0.6150660514831540,0.3751477509617240,0.3900130751509870,0.5135610103607180,0.6336832046508790,-0.1628296999203900,-0.0003367996832297,3,1
1340190821,崩坏星穹铁道,11702292,20,3357034.65,2758302.0,1585573.6583039900,101.0,101.0,1380.0,1200.0,26.25,215.15,784.2,443.18828124351300,0.0,8.333333333333330,0.6735874690014020,0.245289385946429,0.5728349187836870,0.2333131879867390,1.834820020296360,1.814264849057870,0.8518778681755070,0.3804996683617070,0.61794,0.5922436118125920,0.7151046991348270,3.303440306348530,-0.4538145356225780,2,1
1369801844,普本生的求职指南,386374,20,46665.95,23347.5,54012.54609369650,46.35,24.5,6.2,3.0,16.35,1.0,50.55,12.080758951411300,0.3,2.510460251046030,0.5447474538600790,0.2505824418417810,0.5573331049583370,0.3331842364556150,1.0447640697531200,1.5348831752766900,0.6624197363853460,0.3951500251438790,0.3954214360041620,0.5387185215950010,0.5623122453689580,-1.12726097344368,-0.2469669642792480,3,0
1401050701,张韶涵,139903,18,350870.5555555560,303011.5,372823.3476059990,100.38888888888900,100.0,408.8333333333330,276.5,21.38888888888890,64.33333333333330,438.5,343.56063768235400,0.0,2.17741935483871,0.7236435188461910,0.2257616620473900,0.7650955932500400,0.2627319826972160,0.9369638014107610,1.1870194584185800,0.6292399168014530,0.4172635135135140,0.3776261616280440,0.5813424587249760,0.6279604434967040,0.1299429413335900,-0.0316031150940114,3,1
1440478645,黑猫剪影-,28365,20,34106.95,14590.0,46938.25926567910,1.3,0.0,0.75,0.0,15.35,0.0,132.05,22.32646529640510,0.8,300.0,0.5586601083095260,0.3469597795374160,0.5071568037072820,0.3072440170555460,1.700694109129300,1.876273584430280,0.5556520223617550,0.431924882629108,0.5245901639344260,0.5266296863555910,0.5910548567771910,-2.821960992082860,-1.3450387519237800,0,0
1459104794,MyGO_AveMujica,919690,20,168436.0,53405.5,268396.6373973610,100.8,101.0,497.1,342.5,31.8,200.35,1186.6,649.645117696861,0.0,6.593406593406590,0.6518593508628240,0.1967887069524230,0.6805096290240470,0.2831453831068980,1.208469611495390,0.5633147677061130,0.8690576553344730,0.6239273927392740,0.3303318120143090,0.6565825343132020,0.5964768528938290,-0.4616226632135800,0.0308207057466966,3,1
1562955722,李老师讲面试,8097,20,667.3,383.0,769.4725534587420,3.35,1.0,0.0,0.0,16.1,184.25,577.85,570.4809858909920,1.0,46.15384615384620,0.7565613655901670,0.1979833242056970,,,1.805373002976580,,0.887840747833252,0.5960061443932410,,0.629397988319397,,-2.8017498935924100,-0.7032734727071140,0,0
1643236766,彼姝子SUZIE,23500,20,2579.1,1943.5,1916.260225708290,20.0,13.0,3.8,2.5,32.1,25.8,296.8,171.5537663149430,0.25,1.33630289532294,0.758789491346106,0.2215591018761660,0.7636868130219610,0.270273373081399,1.6844532834622900,1.7394510771759900,0.6036096215248110,0.3578462719017780,0.4629080118694360,0.5100013613700870,0.5464361310005190,-1.2674429820205300,-0.250898625631287,3,0
1646036311,凤凰传奇,2869185,20,1785919.8,1226617.5,1817522.012952150,100.85,101.0,1400.1,1200.0,24.2,53.05,440.9,273.97366373623000,0.0,1.4285714285714300,0.683779391648971,0.2360586943682120,0.7476275582216390,0.2649193068458340,0.7668774504621060,0.3957427664071650,0.6887922286987310,0.4249101474589370,0.4605523668579890,0.5805088877677920,0.6320062875747680,1.804372546540820,-0.3095281573897000,3,1
1656463436,Ado_jp,997975,20,249336.0,160251.0,245370.19990339400,100.65,101.0,412.65,251.5,28.75,225.15,234.5,58.911619799224800,0.0,1.5789473684210500,0.7286198652061180,0.233321840741682,0.850977777526113,0.2310983820819680,0.884656096209318,1.5296261191122300,0.7310439348220830,0.4509061084205590,0.7171430975958710,0.6019498109817510,0.6632198691368100,-0.0597314270615812,-0.0485650300147186,3,1
1684559452,刀叔产品论,12272,20,4822.55,798.0,10077.418484570200,9.85,0.0,1.6,0.0,11.8,21.65,236.9,118.8868989285280,0.7,8.571428571428570,0.5407897216282070,0.2903684981701690,0.4481189373764210,0.332315970881388,1.5220925446534900,1.5786553649517400,0.6126282811164860,0.3869126043039090,0.4172185430463580,0.5591959953308110,0.5458695888519290,-1.9044714284054400,-0.4982909527576220,0,0
1750535730,MCHOSE迈从,700157,20,101460.4,55783.5,180496.021088788,99.85,100.5,16.05,5.0,35.25,131.95,37.9,32.040927774201200,0.05,6.185567010309280,0.6569625058192270,0.2754842965833090,0.7433624971901700,0.2498688440349330,0.9853157257048800,1.498471449650490,0.6796392202377320,0.3786235331430380,0.4644696189495370,0.5516353845596310,0.747755765914917,-0.3024575801975210,-0.0227373867630449,3,1
1825475365,Super产品林木,15077,20,3602.7,3333.5,2442.3082933978700,5.4,3.5,0.55,0.0,18.55,0.0,166.15,71.60290717414670,0.65,11.11111111111110,0.6863702022711990,0.3014319026680820,0.4609458832578230,0.2557583153224100,1.544611674436230,1.666332585328330,0.6284562349319460,0.3881057268722470,0.4812030075187970,0.4843077361583710,0.5934491753578190,-1.902790806715690,-0.5029083533000680,0,0
1889545341,GEM鄧紫棋,2261835,20,1422373.85,644802.5,2239944.196817350,101.0,101.0,2155.45,1800.0,37.2,114.1,806.85,601.7708319705490,0.0,0.9036144578313250,0.6665531272677210,0.2290058644426140,0.7531845759803890,0.2407277582351690,1.2149535442854700,0.9672884500591230,0.7586309909820560,0.4204348443939180,0.498960041598336,0.5791481733322140,0.6662909984588620,1.8192435676317300,-0.3179497289084200,3,1
1976558860,天气微凉淡淡月光,188033,20,435825.4,370193.5,270550.3383753000,98.1,101.0,678.0,511.0,41.3,3.3,531.4,125.29476823622100,0.0,7.792207792207790,0.6350791721237360,0.2510922269510140,0.5537080480989790,0.3261866047155180,1.835856153090110,0.6217242056699430,0.6937230825424190,0.3825207468879670,0.3602407470356520,0.5484557151794430,0.5612003207206730,0.4020543147261580,-0.1114993188012090,3,1
2128487337,aespa,1778470,20,107227.8,53157.0,147319.9996068710,97.3,100.0,601.5,180.0,48.95,0.25,705.9,813.0148506444520,0.0,14.634146341463400,0.7536378500328420,0.2406171063512430,0.7859742918786080,0.2463986310542640,1.222034300560210,0.9311437424538300,0.7152434587478640,0.4939337377508170,0.4862341297610720,0.6374991536140440,0.6356779932975770,-0.2745565256283650,-0.0077692994873568,3,1
3493092783032940,NewJeans,920617,20,56133.15,42429.0,37548.69395062060,100.3,100.0,231.65,223.5,36.3,0.0,637.7,300.07071096484500,0.0,4.724409448818900,0.571288028563877,0.2672241196993920,0.6790310368112720,0.2899351980242650,1.909466673867090,1.1602957556364900,0.8305011987686160,0.3712627450980390,0.3473881072809960,0.551490068435669,0.5776026844978330,-0.1099118467158540,0.0275355243194125,3,1
3493137471244811,雯ww63,46775,20,23403.25,18901.5,15466.258227696500,69.15,64.0,17.55,6.0,34.0,1.25,285.15,193.4806599882110,0.0999999999999999,5.172413793103450,0.6577098816498540,0.2432138351093660,0.5941341541803040,0.310866846218593,1.7435864781145800,1.426336936653660,0.6793538331985470,0.3826327913731510,0.3731751824817520,0.5261967778205870,0.5777406096458440,-0.69432324521976,-0.0830529774188334,3,0
3493296569583802,大厂面试题,4921,17,14977.64705882350,4575.0,23048.24601770480,42.70588235294120,29.0,43.1764705882353,47.0,33.705882352941200,12.176470588235300,2040.2941176470600,5172.08013961387,0.0588235294117647,0.565410199556541,0.6435273766553560,0.2480626050414620,0.7565170195593170,0.2949973936567080,1.7816711246041000,1.726396568302250,0.6933209896087650,0.440905068891417,0.4245739532926570,0.6464911699295040,0.6260907649993900,-0.9702427481119710,0.3446464170923760,3,0
3546382956759627,钢琴奶奶-尹松,674971,20,85943.0,55903.0,73623.91892870860,89.45,101.0,300.35,130.5,28.85,70.45,987.35,1158.494316593290,0.05,15.0,0.7429665014784950,0.234618116689784,0.6956252858911870,0.3017648970245440,0.4839418946269070,0.976143922582124,0.68754643201828,0.3725036260180740,0.3450065446529040,0.5585988759994510,0.5638891458511350,-0.266802702111881,0.0384187648270133,3,1
3546630773016865,时代少年团,3744991,20,1472862.9,1158136.0,1194652.5723517800,100.95,101.0,5834.0,6680.0,25.9,0.5,4076.2,4403.200577570340,0.0,9.375,0.7536290711665610,0.2588740471466500,0.7302921652589110,0.28306022455677,1.7548806213649500,1.272152156418030,0.7513741850852970,0.3748531139835490,0.5883129349652030,0.6061257123947140,0.6409575343132020,4.9367669707911700,-0.7006463431134390,2,1
3546644771506784,Python学习课堂,92417,20,13768.1,9361.0,11978.036487452200,63.0,69.0,201.6,153.0,75.45,161.5,66066.5,30452.01807416830,0.0,2.061855670103090,0.641852970894367,0.2934476579108910,0.7237069558256140,0.2820916702078570,1.9043720125578500,1.428441621530040,0.8867494463920590,0.6254285061323990,0.4489018087855300,0.6485843062400820,0.6754767894744870,-0.6669255502556320,6.867995936477290,1,0
3546663866075740,AI产品经理亚慧姐,5009,20,485.35,459.0,215.16585402159400,1.5,1.0,0.05,0.0,20.9,1.9,169.8,81.7432437253186,0.95,22.22222222222220,0.6982483128706620,0.1482308800059880,0.2817466259002690,,1.7567481329394700,0.0,0.7964075207710270,0.7128953771289540,1.0,0.7410777807235720,1.0,-2.9658275494585200,-0.6972517578260750,0,0
3546719514003582,RED_OFFICIAL_,156840,20,135385.55,79332.0,189981.03484197800,100.7,101.0,2005.25,1152.0,28.3,0.35,863.15,1385.1792692264600,0.0,5.825242718446600,0.7595331516679170,0.2192254582496310,0.7904034018507950,0.237185452696147,1.3439357499254900,1.5598740492595500,0.7777941823005680,0.393014382154388,0.4297656187505000,0.5895278453826900,0.6369689702987670,0.7991350681295220,-0.1439820636445690,3,1
3546752776931554,纪超影视,848,20,1489.2,306.5,5012.301841207130,1.25,0.0,0.55,0.0,22.15,1.0,216.65,122.41227793597200,0.95,11.76470588235290,0.5606143359839920,0.2962673217283010,0.4152333612807770,0.4043982647171010,1.6992577835279700,1.666332585328330,0.5452463030815130,0.4634146341463420,0.6230769230769230,0.5708733201026920,0.6895092725753780,-2.4134870582205400,-0.6428615844546910,0,0
3546760219724479,林木聊AI,5059,20,2743.75,1984.0,1843.3023533293400,5.3,4.0,0.6,0.0,20.3,0.0,176.25,37.33472350168630,0.65,4.8,0.6001528351796120,0.3292098672985390,0.4505944799942270,0.3113556695076490,1.5090526833244000,1.90728399932138,0.6970958113670350,0.4385542168674700,0.5357142857142860,0.5127354264259340,0.5714647769927980,-1.9978340943765900,-0.4923671594306120,0,0
3546802080975058,roses_are_rosie,983107,20,110624.5,98721.0,79262.0065953816,100.2,100.0,145.75,83.5,30.2,69.15,66.7,58.85673954165050,0.0,4.477611940298510,0.7358350599279440,0.2256053121940680,0.8083337699748440,0.2302881038287160,1.788775379724150,1.3725972211995600,0.5796152949333190,0.444880931687815,0.5937538882667660,0.609038233757019,0.6631429195404050,-0.2906113508227040,-0.0224161117315463,3,1
3546831122336532,大熊聊设计,393,20,432.3,242.0,493.0411640762710,1.3,0.0,0.05,0.0,21.35,5.45,820.8,459.7875481933850,0.95,7.59493670886076,0.8473974569485740,0.2306103937949380,0.953103482723236,,1.7070248439825400,0.0,0.6914970874786380,0.5502793296089390,1.0,0.694961428642273,1.0,-2.584983063840330,-0.5711668437685750,0,0
3546837942274544,IVEofficial,148831,20,45933.05,17901.5,91029.33012379490,73.7,77.5,295.55,247.5,28.25,0.0,823.15,582.4633058241340,0.0,7.5,0.7531848294430460,0.2406456570129960,0.7683312342707160,0.2500634883967650,0.543945753201905,1.1417730395137400,0.672889232635498,0.3922440537745610,0.4894058885383810,0.6035313606262210,0.642355740070343,-0.3930360201533710,-0.0177584630872424,3,1
3546848985877243,みゆな_迷悠奈_MIYUNA,85055,20,37663.9,16736.5,69762.1092789066,78.95,95.0,48.05,9.5,30.95,95.05,223.8,167.91902810581100,0.0999999999999999,5.263157894736840,0.7218059621635700,0.2298959020599120,0.7005194433917300,0.3079222217850270,0.7746743071567460,1.6004139595712000,0.7754473090171810,0.4420908930773300,0.3412560721721030,0.6148554086685180,0.6015556454658510,-0.7134503460242700,-0.0738971393846792,3,1
3546857095563391,忆非说求职,92,20,402.15,258.0,507.0139907755060,0.7,1.0,0.0,0.0,17.35,1.0,103.95,14.091710889365900,1.0,21.42857142857140,0.7562008840697150,0.1537709556120390,,,1.7298201303799200,,0.6829585433006290,0.8496420047732700,,0.780337929725647,,-3.3142422395511200,-0.7398571730460060,0,0
3546911659264635,开源项目盘点,26788,20,4189.15,3070.5,2816.1137887259900,5.95,3.0,0.25,0.0,27.55,204.6,48.65,7.3361039423274,0.75,11.320754716981100,0.535812807809405,0.3107941281511530,0.6133966624736790,0.2976837627355920,1.90447485484633,0.0,0.6022421717643740,0.4190609670637700,0.9743589743589750,0.4919764399528500,0.5870496034622190,-2.0675475598284900,-0.5609892369602880,0,0
3546929849961165,陳奕迅所長,841573,20,1244063.85,279834.0,1704421.3117865700,93.55,101.0,1217.9,438.5,41.0,122.35,1666.45,2138.0398911890700,0.0,6.315789473684210,0.6861485838596390,0.2496627655350380,0.7252960777615540,0.2817569642961300,1.404143817799800,1.193873132493030,0.7000888586044310,0.3918447587037860,0.3619582825030500,0.5788987874984740,0.6078187227249150,0.8211005386012510,0.0803997420785962,3,1
3546952650197324,亚风聊IT职场,1552,20,2065.7,786.5,5023.427023771510,4.8,1.0,2.05,0.0,24.2,0.0,170.7,124.0025891070960,0.8,14.285714285714300,0.5800164836303640,0.2724217677018680,0.6555497915279570,0.2782200258045060,1.7691444733747600,1.880189794919340,0.6139854788780210,0.4358565737051790,0.5887850467289720,0.5880554914474490,0.5964649319648740,-2.1724425744048000,-0.577380513041007,0,0
3546973877570088,美依礼芽MARiA,373450,11,523969.5454545460,223578.0,730084.3234691950,100.63636363636400,101.0,165.8181818181820,120.0,16.545454545454500,43.63636363636360,30.09090909090910,29.10139015736030,0.0,8.461538461538460,0.6310488439561310,0.2381024290214170,0.7584544339063050,0.2721670066900140,0.45219596731797,1.2789034277290600,0.7632690668106080,0.4347577986304840,0.4384867746565510,0.561020016670227,0.6252273321151730,-0.0200135650375483,-0.0509184355881587,3,1